{"acc": [0.201600174168617, 0.2201600174168617, 0.2399716976005498, 0.24927883307107718, 0.2717574702016492, 0.30490393512219016, 0.3382681108155936, 0.3598214771675829, 0.39362107440914434, 0.40913296685515715], "loss": [2.860518996680379, 2.0313992482397505, 1.8411423245609433, 1.8202469987873935, 1.785761465616506, 1.7287546477813256, 1.6688018883798725, 1.6113112214692162, 1.5396728841985816, 1.5067836017929943], "val_acc": [0.21288637360853893, 0.26164562488359944, 0.26077492396936347, 0.25642141909977123, 0.21767522850060494, 0.27949499353461543, 0.35655202453531903, 0.3082281235357342, 0.3913800609231151, 0.3983456684186451], "val_loss": [1.9732365950740935, 1.8234262117677322, 1.810499806325229, 1.8000827567391569, 1.9512829189981435, 1.8970841731410677, 1.6452765777726561, 1.7377277172592656, 1.4851140521846236, 1.5543677824499507]}