{"acc": [0.25254449465022677, 0.29733848583294054, 0.3563925325578541, 0.39285908666276287, 0.41903880691739837, 0.4384694932587151, 0.4576280411927538, 0.470418548964198, 0.49017580144128836, 0.4999183583764371, 0.5105317585782195, 0.5230501279164326, 0.5338812387288704, 0.5467806019378411, 0.5522777988986848, 0.5603330974475564, 0.570293365210718, 0.5794372175460427, 0.5880912207725979, 0.6019702825251437, 0.6038752517507883, 0.6068687748001934, 0.6215642517810614, 0.6325042180488685, 0.6377292766235211, 0.6456757198938293, 0.6558536984363418, 0.6622761661100743, 0.6740869753428097, 0.6768627876891015], "loss": [1.8746619528524566, 1.752541215192809, 1.6596341500484462, 1.5873249782317154, 1.5255960861262217, 1.479639463333068, 1.4372253813105405, 1.4027076852618139, 1.3579273420407154, 1.3248620694939626, 1.2747480804994293, 1.2295012432859438, 1.2059891439318586, 1.1805630580255035, 1.1585198622526396, 1.1300271907161825, 1.1095722155066714, 1.083053885956098, 1.0639122199111632, 1.0354826378782098, 1.0173099118876987, 1.0057831664470274, 0.9725610272798594, 0.9562293823455834, 0.935781899251436, 0.9186277483444315, 0.8966806152977318, 0.8818673467211774, 0.857848237700554, 0.8494610019035892], "val_acc": [0.21484545052933807, 0.24684370913399684, 0.3302133215034221, 0.36242925525230585, 0.38114932527166373, 0.4257727470354355, 0.42163691742035114, 0.4592947320518776, 0.4420983895665934, 0.4606007833453848, 0.4747496738374674, 0.4851980844450142, 0.48846321315883706, 0.4895515891070152, 0.44710491962883336, 0.4984762736725506, 0.49804092312461146, 0.5023944273325065, 0.5047888553007613, 0.49390509378199066, 0.503047453005209, 0.5074009582380861, 0.5121898125138654, 0.5198084457988681, 0.5115367875807069, 0.5174140182847192, 0.5239442751414889, 0.5106660868481132, 0.4978232478960525, 0.520243796541424], "val_loss": [1.8951057420899986, 1.8582363092852614, 1.7226403984859502, 1.7348141835781092, 1.6759739776876215, 1.5290434049636217, 1.5207779547106353, 1.4616152802705247, 1.4990877795852575, 1.453405548968832, 1.38008695807102, 1.3586691446702897, 1.3403395090510029, 1.3582865170514942, 1.462102855191212, 1.3757865676996135, 1.4270424753570226, 1.3779583876165142, 1.403621232037343, 1.4223199785923408, 1.381957339109106, 1.3872476992110974, 1.402682714375092, 1.4497905362934251, 1.438081899880844, 1.4509941086231442, 1.4563650718501302, 1.5056124348509659, 1.5150979005309566, 1.501893381113377]}