{"acc": [0.21656778964111076, 0.2519457899644328, 0.2814455994042471, 0.3069721875252114, 0.3280901321457485, 0.3447994338595367, 0.3616175909167712, 0.36760463738216975, 0.3864910467905192, 0.3972133020178219, 0.40592173312048135, 0.41669841602275143, 0.42840037001909714, 0.43150274844601216, 0.4385239209271941, 0.4593152997704354, 0.45931529934869675, 0.46241767811300266, 0.47526261348642096, 0.4811952320270531, 0.4844064660293707, 0.4926794752943323, 0.4979589615179991, 0.4964349861404032, 0.5093887767339904, 0.5091166385262272, 0.5165732322692715, 0.5172263646251666, 0.5262613618879308, 0.527132204804197, 0.5264246445413784, 0.5329559676785905, 0.5380721713153148, 0.5385620205051878, 0.5483590049758056, 0.5436237958132497, 0.5507538236557208, 0.5518968052014888, 0.5570130081601871, 0.5578838509856172, 0.5645784572856074, 0.5681162576199694, 0.5653948728496986, 0.5667011376458364, 0.5702389376363192, 0.5770423991532342, 0.5777499589456521, 0.5818320359518278, 0.5786208024166668, 0.5800359221312682, 0.5811789037646281, 0.5813966142828253, 0.5927175749810047, 0.5928808580205053, 0.5945136884609291, 0.596200947067808, 0.6018614269513631, 0.6007184455288727, 0.6005007344591711, 0.6016981442557418, 0.6027322702471941, 0.6096445868512681, 0.613889947318683, 0.6045283842364491, 0.6136722364176769, 0.6141076576616965, 0.6181353071437574, 0.6163391936605889, 0.6191150058284528, 0.6200947043412085, 0.6252109071247229, 0.6253741904172667, 0.6230337996686063, 0.6205845533169679, 0.6246666300668562, 0.6286942799317261, 0.6305448211044606, 0.6326675011208105, 0.6345180429358854, 0.6321232242803013, 0.6352256029813464, 0.6315789474365481, 0.6376204209978343, 0.638273553525669, 0.6388722580200585, 0.6382735536554347, 0.6430631903242625, 0.6409405103468424, 0.6427910520289074, 0.6488325257199594, 0.6378381322394755, 0.6464377072784888, 0.6433353292132957, 0.6445871657229454, 0.6501387908989062, 0.6531867412291152, 0.6503020739351627, 0.6525880364816826, 0.6532411688797515, 0.6522614708763264, 0.6562346921530026], "loss": [1.8878768306418767, 1.8164832245471112, 1.77500456024292, 1.7365026000808281, 1.6927508705942982, 1.6601464211022672, 1.6315241879295175, 1.610889078691867, 1.5699663933688721, 1.559261926846584, 1.5391325664424238, 1.5005958806525665, 1.4881885585778165, 1.4670566998769674, 1.4532825152057636, 1.412913874024462, 1.4075504074824405, 1.3832193343399177, 1.372630287007009, 1.3541944454719756, 1.3435425653056925, 1.3244218037837359, 1.3110826646782698, 1.3056206288649406, 1.2994222930822974, 1.2826246813126994, 1.2763322437944342, 1.2687197010758355, 1.254318876971886, 1.2501019589144307, 1.24586875200051, 1.2353405104110142, 1.2217982877405766, 1.2165071430861876, 1.2043949878579783, 1.1986741992856698, 1.1908330557712672, 1.190166812077232, 1.1713600636618597, 1.1708289706271637, 1.160154139613415, 1.1552925563199865, 1.1501317928698107, 1.1425899330587215, 1.1317957806118766, 1.1297063391696438, 1.1183180483698307, 1.114378346541954, 1.119595762356205, 1.110847681489902, 1.1010302605304811, 1.097559621654208, 1.0902126547962334, 1.0923200547127434, 1.0797521630258986, 1.0712340329667023, 1.0668159501771757, 1.073611632056795, 1.0577779322958327, 1.0594143970461785, 1.059876455555015, 1.0456477801178066, 1.0364055012388804, 1.0451493050493712, 1.0375446353150473, 1.0311505039093938, 1.0170181185446676, 1.0266214406062748, 1.0255784870576037, 1.0222646706651761, 1.0098241891182547, 1.012899031592643, 1.014564391083848, 1.0089388950878175, 1.0080992182668977, 0.99556924577492, 0.9972806911375593, 0.9802780103094335, 0.9826404124373468, 0.9815796271111705, 0.9738633379227438, 0.9808040755059667, 0.9756907405808113, 0.9669313218878692, 0.968108636662806, 0.9717881819487254, 0.9655863448238616, 0.9618682374803955, 0.9562299338175022, 0.9516403725298684, 0.9572976906875881, 0.9458231535369502, 0.957245030550032, 0.951980232290572, 0.9400038390837503, 0.9327517764618808, 0.9461732230967392, 0.9377739229115587, 0.9377085354872783, 0.9378068209122685, 0.9218919436575922], "val_acc": [0.279277318007644, 0.3016978668995302, 0.337614279053862, 0.35502829758509585, 0.3720069654645949, 0.39246843694913996, 0.4105354813217442, 0.4124945578208736, 0.4383979098636999, 0.41989551614978077, 0.368524161405443, 0.43208532929939447, 0.4619068359622864, 0.45276447601249853, 0.4329560293054186, 0.45711797951977307, 0.4921636916161829, 0.46147148555706624, 0.4917283410552693, 0.4590770559670046, 0.5074009565514069, 0.5021767531938017, 0.5141488897006409, 0.5128428379789767, 0.5326512840762572, 0.49651719623926055, 0.4751850238404795, 0.5402699179840337, 0.5195907705703091, 0.5413582920509159, 0.5376578152413258, 0.5215498463558434, 0.5311275564643368, 0.5361340876294054, 0.5121898116316025, 0.552895080124652, 0.5676969967824664, 0.5444057453545375, 0.5474531994625751, 0.5437527196169626, 0.5533304307374635, 0.5622551139406812, 0.5526774061675895, 0.5731388763287403, 0.5535481050059128, 0.5713974745521662, 0.5759686533398974, 0.5461471479874255, 0.5892468421782002, 0.5206791465055127, 0.5757509782151341, 0.5507183289548652, 0.5866347394873902, 0.5968654773055755, 0.571397474604064, 0.5766216810495894, 0.5768393542541335, 0.5565955591658484, 0.5833696121229106, 0.5903352193330027, 0.597300826750686, 0.5814105350139819, 0.5435350454523089, 0.5927296468990494, 0.5940356982185054, 0.5979538522806694, 0.5946887239041825, 0.5890291669496412, 0.5803221600388878, 0.5792337839998886, 0.5905528957292626, 0.5770570305465977, 0.5986068800941571, 0.5955594248184184, 0.5912059204029321, 0.6023073570075428, 0.6051371360946127, 0.5929473220757105, 0.5853286902438468, 0.6123204183775703, 0.586852416791862, 0.6005659550233774, 0.6094906394461937, 0.5781454079608892, 0.6079669139620839, 0.6099259910710126, 0.6033957341104473, 0.60861993848006, 0.6029603825894241, 0.6005659570992902, 0.606225511017809, 0.5881584670993105, 0.5986068790821496, 0.6036134083269988, 0.5903352214089154, 0.6099259888913043, 0.597083151522127, 0.603178058985684, 0.5905528945615617, 0.6036134073149914, 0.5996952532528274],