{"acc": [0.22555251639484206, 0.24999564478458056, 0.2725665710788467, 0.2966353394976093, 0.34690607693837533, 0.3805273517886599, 0.3976297045061711, 0.407800645632152, 0.41573346806226696, 0.42409306955866105, 0.4313815977570945, 0.44406894820658976, 0.45403960372711993, 0.4659694526422717, 0.471438025156178, 0.48309830908810175, 0.4932861929862638, 0.4979971779807882, 0.5037095709911394, 0.5083572107615625, 0.5143757990956657, 0.5188003961177814, 0.5200804591775262, 0.5237029541148444, 0.528494656420563, 0.5312962586142206, 0.5325763240630716, 0.5350929125885237, 0.5353319786065315, 0.5394904111569764, 0.5403786186278661, 0.54137132265742, 0.5435541886946124, 0.5455162909725525, 0.5468834355209071, 0.5506278406214562, 0.5516980070898815, 0.5544602659326486, 0.5516438033227042, 0.553903926906716, 0.5529986765539688, 0.5531215784511123, 0.5553643139932087, 0.557381038364199, 0.5565291462139148, 0.5562683628237101, 0.5592934508182655, 0.5587718850596085, 0.5602518601570731, 0.5616231145861086, 0.562735790108463, 0.5612927897825499, 0.5596063911026751, 0.5621446805779241, 0.5622663803901324, 0.565574340660695, 0.5638484683634353, 0.5640049378864747, 0.5666127707387906, 0.5622663803890963, 0.5639006222203617, 0.5666301566506732, 0.5670126397297713, 0.5637132107085611, 0.5651697698615871, 0.5675863626157917, 0.5657782651661861, 0.5662824443134848, 0.5652219249754971, 0.5680383873932152, 0.5693423039556413, 0.5687921800251703, 0.5683165561916802, 0.5701768104546624, 0.5699681836716184, 0.5665084569483084, 0.5716719702260527, 0.5715676557516388, 0.5713142706595109, 0.5730975837147028, 0.5727151034148542, 0.5712721001490711, 0.5707505360857357, 0.5697595578647314, 0.5724021628630895, 0.5728715702000944, 0.572340499904404], "loss": [1.8949716453887002, 1.8117271980932217, 1.7622159838616245, 1.7066569480337304, 1.6304817090263857, 1.5681175930628044, 1.5250133106750008, 1.4990392536065862, 1.4745395027677035, 1.4596984553499865, 1.449025221574489, 1.4282022786154356, 1.4157224014536645, 1.3947819776342703, 1.376769164841606, 1.3566521842367298, 1.3420252060491165, 1.3305719346334848, 1.3206955841031949, 1.3081124256380503, 1.3007300225627088, 1.2890521911930006, 1.2859858522297818, 1.2788985451375323, 1.2713084276622655, 1.2673434590221637, 1.2594238506931523, 1.2574746016922989, 1.2513209204873912, 1.2441052988335852, 1.2450322187032612, 1.239205336513231, 1.2327619739759188, 1.2320908523220016, 1.2276291716173318, 1.2231103598341744, 1.2150210012502747, 1.2130482782999477, 1.2149267127246572, 1.214300046969124, 1.2072612800599305, 1.2110910979955214, 1.2050682750264952, 1.2033864206393903, 1.2047780488909765, 1.2060220067496383, 1.198743086387709, 1.2020658724484468, 1.1969775599153756, 1.1925433281265119, 1.1953205654983774, 1.1946934425262348, 1.1943929989262192, 1.1917685209729683, 1.1922237875937471, 1.1893078387281237, 1.1886361924287856, 1.1797478986770056, 1.1856134009441266, 1.1918155360958436, 1.1836027150177408, 1.1844081712321637, 1.1810655129751897, 1.179514707785297, 1.1804842075657187, 1.1818399248411, 1.1803274198351812, 1.1788180259846748, 1.180761577039773, 1.1741497687138318, 1.1751264258471767, 1.1721209524104634, 1.174113443291617, 1.1743655270782718, 1.1755515387352597, 1.1780583840935743, 1.1715688407001428, 1.1698241810566605, 1.170405807315055, 1.1682919033810704, 1.1705596963525178, 1.1691492561189851, 1.1684182760444772, 1.1654469832464767, 1.1668412993785293, 1.1652000987249342, 1.1647914547076896], "val_acc": [0.25615352393336366, 0.26175079685460373, 0.27308440908940906, 0.28701578465023064, 0.324885273506903, 0.4022389086521048, 0.4275483229038132, 0.4460324078966177, 0.45661243194375645, 0.42594910235957667, 0.46850229405615795, 0.49461019344037677, 0.49958280930970345, 0.46582533596304987, 0.4713878463971865, 0.5076500426762061, 0.5195730755204303, 0.5360520068743087, 0.5036851599731692, 0.5270185659812019, 0.49085662468693847, 0.5593102458264032, 0.5510360171049398, 0.5243410521015702, 0.5534348493739041, 0.5512098450270138, 0.5543387567917406, 0.5348424750663067, 0.5562508695812886, 0.5681754969834386, 0.561130814653783, 0.5726602707224485, 0.5103949350191579, 0.5678278413465102, 0.5551498706313099, 0.5363648984938167, 0.5610485320097216, 0.5447086648257381, 0.5860102906825231, 0.5675844835598468, 0.5764149639938358, 0.5779446534612483, 0.5917813944445252, 0.5865331104498939, 0.5717563632051464, 0.5668891634750127, 0.5814907515004222, 0.5837157578531981, 0.5659157261366374, 0.5835071577347464, 0.5878547568353071, 0.540953970530686, 0.5860102902680838, 0.5928243630918105, 0.5864274764886537, 0.594701709766876, 0.5956751486220988, 0.5901821717452048, 0.5748469651193173, 0.5846891960867621, 0.5836462210902682, 0.5837157563280618, 0.5787790338015991, 0.583924350180193, 0.5890696717558542, 0.5988735925536248, 0.581107400826235, 0.5912946726628991, 0.5869837339805339, 0.5666110429888457, 0.5768321478355247, 0.5664024481420605, 0.5776665271812214, 0.5868809116288033, 0.5833680969073036, 0.5883743560060541, 0.5826032572090336, 0.5958142148538287, 0.5856626345109681, 0.5911556061161956, 0.5796134083978226, 0.5898024530363003, 0.5937282740696799, 0.58900014095256, 0.6035321970805557, 0.5981782791992832, 0.595814211463716], "val_loss": [1.8209602189667449, 1.8078572246547933, 1.841218178443991, 1.7332065424871708, 1.670078017245478, 1.534919570805615, 1.450365575824356, 1.4130234325766953, 1.368806981141901, 1.4515917533015263, 1.4002730937498764, 1.3677627982528844, 1.3239731901114051, 1.3729403446072448, 1.3666969733598948, 1.3245575180951739, 1.2476038572652635, 1.2161147095052676, 1.3049002722943879, 1.256307968402557, 1.3100608250823278, 1.1671730351786243, 1.1632171447461743, 1.2357092682663144, 1.190518569190352, 1.1694329638604477, 1.1676532310846701, 1.1993661467443215, 1.17927043210182, 1.144951803812545, 1.1497118336839847, 1.1442585588330405, 1.3002338780015354, 1.141154898951969, 1.1719760800346446, 1.2239591682791096, 1.156390782233787, 1.1782937860011458, 1.0977558918911696, 1.1309413638868877, 1.1264363484527848, 1.1113065203511654, 1.0971706828293888, 1.0893519540660968, 1.122718557514413, 1.1428345585711526, 1.103564501919413, 1.0980584710782533, 1.134496648708482, 1.115616777496566, 1.0966560184690246, 1.1978089319053271, 1.0975967489318679, 1.0806001969196752, 1.093239754500566, 1.0757209852497396, 1.072650772095257, 1.089156158609328, 1.1149813753237112, 1.1073479511495459, 1.111141876855425, 1.0845916539434763, 1.1050273265548185, 1.0913898108019118, 1.0832894113991824, 1.085072128617901, 1.1109404059569572, 1.0819869765468142, 1.0893459126442369, 1.1402964610546857, 1.106025248720357, 1.1294949853259455, 1.1051437446046912, 1.0836302234221646, 1.1042142356657183, 1.0939873928752533, 1.1076724925801777, 1.078190436865189, 1.104401801146713, 1.0758137546118103, 1.0893480552451333, 1.073241042971412, 1.069132988666099, 1.0843257094901653, 1.062106064406676, 1.0696290719162653, 1.065926766912789]}