{"acc": [0.23028356838903047, 0.2478637133718854, 0.2550481681804785, 0.2674032544483716, 0.2768192457181474, 0.29107930114193603, 0.30343438773099934, 0.324225766222251, 0.33821368313657113, 0.34648669223770345, 0.3621074402574968, 0.37103358222223265, 0.3829532468778959, 0.39394764075578736, 0.40031568026468695, 0.4179502532396242, 0.42067163776496225, 0.4315571761891065, 0.4371088008784459, 0.44315027494095227, 0.4529472594861855, 0.46040385314812626, 0.46187340101620616, 0.4688945728355829, 0.4653023455707845, 0.47809285379316463, 0.48647471763595473, 0.49044794001563974, 0.48772655491608835, 0.4953464321609237, 0.4992652266401734, 0.5030207371472313, 0.5051434174182464, 0.5099874818950514, 0.5159201002961854, 0.5177706415532677, 0.5241386814044243, 0.5278941918417333, 0.531812986642153, 0.531431992218269, 0.5389974418854614, 0.5392695806252641, 0.5421542476791501, 0.547433733995275, 0.5531486413964565, 0.5547270447637016, 0.5581559898454532, 0.5589724053771029, 0.5681706855074281, 0.5651771618740772, 0.570783214853149, 0.5687693895995438, 0.5778588151942144, 0.5774233936063156, 0.5760627007345587, 0.5852065532174918, 0.5854786921876286, 0.5902683279156549, 0.5870026666455099, 0.5893430574817623, 0.5938605568576754, 0.5953845316367268, 0.5966363688925294, 0.6003374520717433, 0.6064333539422269, 0.6079029013950564, 0.6123115438476253, 0.6116584121989534, 0.6226528058708418, 0.6191150052185538, 0.6161759106567739, 0.6239046428054742, 0.6235236495073078, 0.6210744021597174, 0.6266804554145415, 0.6344091868527744, 0.6352256024038889, 0.6333750607348004, 0.6325586456865282, 0.6397975294499031, 0.6421379192999359, 0.6405595165296131, 0.6396342460503026, 0.6397431010239165, 0.6450770153313128, 0.6445871655218085, 0.6452402975597775, 0.6540031572506306, 0.6462744237004604, 0.6559625544675465, 0.6536221631706257, 0.6583029447295855, 0.6569966794598027, 0.6578130954488766, 0.6595003530533151, 0.6610243287958772, 0.6613508955269511, 0.6632558639253392, 0.6665215260681586, 0.6678277910167713, 0.6652152608665028, 0.6704947476205871, 0.6734338430550416, 0.6716921568624094, 0.6749578179022201, 0.6756109501705233, 0.6796930280266645, 0.677570347157105], "loss": [1.8978591048840128, 1.8451623584166172, 1.820528078285551, 1.8027567683414403, 1.7903231773808326, 1.762410872977748, 1.7411019764850741, 1.7119035183595066, 1.6873517681114143, 1.6656071486434414, 1.6398802561939805, 1.617231678866681, 1.5889361320333242, 1.5740565267312783, 1.5466452481107837, 1.5231885514054049, 1.5138796285935934, 1.4940069395774451, 1.4766894314925334, 1.4577647090860062, 1.4405288048238998, 1.4245675982021258, 1.4244027900454437, 1.4025298075028951, 1.3957031748676731, 1.3759524189172985, 1.3548865422046041, 1.3457994552803942, 1.3467910477794949, 1.32968247577192, 1.3216209014602838, 1.3050392451468247, 1.2946462476090654, 1.2808542555692906, 1.2718150536210628, 1.2686516971494184, 1.2615434151044091, 1.2456391506849607, 1.2353491149041842, 1.2349386436136118, 1.2231080592285275, 1.215595975507683, 1.2063956992494997, 1.1952008972207937, 1.1839351874135415, 1.1747809615099118, 1.1684707853015892, 1.1587052054276226, 1.1570240390233921, 1.1460667147722319, 1.1406408736710063, 1.1324913363733646, 1.128388161756046, 1.1262154171827965, 1.1223096450126626, 1.0970609121055834, 1.0988963061721324, 1.0874431549558732, 1.0817577626990265, 1.087706417599585, 1.0805605009813766, 1.0718034574944368, 1.0633812456380651, 1.0587692665416621, 1.0397251192527974, 1.0411786480733216, 1.0300348290152381, 1.0289149300194211, 1.0197350350006582, 1.021288070941876, 1.0211678576678345, 1.005566566596973, 1.0018332959558023, 0.999201823090622, 0.9955388164115394, 0.9805054555738367, 0.9777974564664632, 0.9808483233625989, 0.9731385638495441, 0.9683673001072762, 0.9602251342234027, 0.9679316278119835, 0.96245151383171, 0.9572785772171938, 0.9485899569265066, 0.9474324233315373, 0.9385498616468704, 0.9289075885095173, 0.9380117157700337, 0.9263523039376347, 0.9235565094626516, 0.914123486708214, 0.9115006745701836, 0.9136779748257364, 0.9111907535448491, 0.8997145129821585, 0.9009507841668897, 0.8992801661335156, 0.8893468303445025, 0.8902658982716303, 0.892639282003028, 0.8892154624535705, 0.8787241504979122, 0.8762886899872233, 0.8673469683033053, 0.8637509067725689, 0.8682102883464853, 0.8630723663934371], "val_acc": [0.26686982868233605, 0.27666521390261833, 0.28058337075429013, 0.3008271670102762, 0.3245537651457058, 0.33957335713587483, 0.33913800588731513, 0.35829342593563396, 0.36525903324952164, 0.3835437531750463, 0.3785372233463465, 0.40574662764278974, 0.43360905604202643, 0.41467130993779555, 0.45037004729172536, 0.4547235514347482, 0.42511972127191183, 0.44122768970328824, 0.4708315198012523, 0.47453199746715646, 0.4891162386369228, 0.47083152059269406, 0.4712668683122021, 0.49346974436282903, 0.4810622543887984, 0.5082716581922123, 0.5191554199834466, 0.5276447521846191, 0.5185023942977696, 0.525685678059815, 0.5328689604725171, 0.5348280363099494, 0.508489333784056, 0.5256856751275882, 0.5322159319843579, 0.542011318852396, 0.5441880718645553, 0.5450587741281345, 0.5528950782044327, 0.5119721382973139, 0.5587723125412924, 0.5248149754329511, 0.5476708772341272, 0.557248584358496, 0.5605137115672821, 0.5248149750696663, 0.5602960380513511, 0.5637788424348644, 0.5727035235102715, 0.5548541568443471, 0.568350018575807, 0.5544188079701126, 0.5594253362808012, 0.5692207194900429, 0.5801044860299276, 0.5881584666841281, 0.579886806416003, 0.5624727903369411, 0.5742272525493819, 0.5528950802803455, 0.5687853718354072, 0.57923378158664, 0.5757509819517771, 0.5833696149513418, 0.5761863268039307, 0.5925119745508193, 0.5855463676002164, 0.5879407898726856, 0.5787984299099233, 0.5944710467294553, 0.58794079547765, 0.5970831534942441, 0.590335218969718, 0.5851110134843022, 0.584893339475342, 0.5822812351497506, 0.6049194608660537, 0.600565956294874, 0.5986068767986455, 0.5879407907289996, 0.5781454087393565, 0.6027427054146969, 0.5968654758264876, 0.6003482794834315, 0.5835872845749364, 0.579451458527827, 0.6057901589778075, 0.5959947785710479, 0.5975185020051939, 0.5964301270819977, 0.5994775822279917, 0.5890291665085098, 0.6164562504188776, 0.606660862331241, 0.5914235943859434, 0.5792337828062387, 0.5957770998134372, 0.5970831491088784, 0.6112320393284975, 0.5936003471645626, 0.6075315660479591, 0.615150194662158, 0.610579016082018, 0.6129734467619339, 0.6070962108421907, 0.6033957319566878, 0.6018720049934903, 0.6070962136446729],