{"acc": [0.6352800319231517, 0.6611331839576515, 0.6722364351854919, 0.6931366682578164, 0.7036412120034113], "loss": [1.011527273901882, 0.9457477008207034, 0.9085271238521572, 0.8636273945421864, 0.8335611956182993], "val_acc": [0.44645189317766354, 0.5154549419542578, 0.5069656076771724, 0.5339573363817719, 0.5402699155707851], "val_loss": [1.5789830587612945, 1.3550980456974593, 1.394326428926972, 1.365700121957632, 1.38558939725978]}