{"acc": [0.1890273771935553, 0.21128830336959284, 0.2280520329838163, 0.23730474076072255, 0.24819027888640563, 0.26653241136340994, 0.27758123348561586, 0.2890654763003371, 0.30408751992955346, 0.3199804058846019, 0.3327709136268488, 0.34501714457724875, 0.3505687694287953, 0.36923746773986793, 0.37903445278956543, 0.3891035756155551, 0.39079083409266824, 0.398084145157934, 0.4001523974376778, 0.4072279976862851, 0.41223534544914553, 0.41533772359544213, 0.42127034206470315, 0.42894464711751573, 0.4338431391946727, 0.4331355790518873, 0.4365100962121168, 0.4466880748357328, 0.45196756099289465, 0.45528765055277204, 0.45572307191195877, 0.46029499792309114, 0.46666303830304323, 0.47009198306524674, 0.474119631896857, 0.4716159584185116, 0.48489631518842424, 0.483263484151078, 0.49082893404860456, 0.49507429406508346, 0.4984488109495607, 0.5023131765194465, 0.5031295924631024, 0.5055244108088708, 0.5102051928495859, 0.5088445000005379, 0.5134708536379755, 0.5160833830988635, 0.5175529311048195, 0.5258803675289296, 0.5256082291573372, 0.5295814508930597, 0.5363304849150574, 0.5338268113669629, 0.5368747614765702, 0.5382898822001002, 0.5439503618857626, 0.5455831923943135, 0.549501986643229, 0.5503728291085592, 0.555216894871667, 0.5565775860434928, 0.5569585798931636, 0.5562510204608456, 0.5584825555675986, 0.5625102048809641, 0.5663201443184728, 0.5658302947620117, 0.5658302937985011, 0.567190986761094, 0.5687693892329556, 0.5694769504106227, 0.5717084848750353, 0.5774778206794943, 0.5825395958123726, 0.5737767382561658, 0.5800903505767195, 0.5846078485057447, 0.5845534208810615, 0.5824307405175884, 0.5847167038686558, 0.5855875467005743, 0.5891253470316921, 0.5893974848306932, 0.5935884180724547, 0.596037664018575, 0.5942959784455741, 0.6031676914555282, 0.59777934982191, 0.6012082943294483, 0.6035486856717871, 0.6000108859603006, 0.5994121807197582, 0.6058890761187423, 0.6078484739779985, 0.6105698573792409, 0.611331846295136, 0.6091003103157084, 0.6087193170402511, 0.6179720248179684, 0.614815217671472, 0.62063898119145, 0.6195504270594958, 0.6190605787195884], "loss": [2.007719206107965, 1.9289970650732864, 1.8933128988594246, 1.8709172222588724, 1.85060888681623, 1.8265422596316627, 1.8018702700136404, 1.773216243691575, 1.7470897393838338, 1.720247779356819, 1.696057366882328, 1.6751877893680311, 1.6527139573846497, 1.6250278747043476, 1.6060067529106856, 1.5891951403204945, 1.572454237908081, 1.5601320578226272, 1.5479063445505823, 1.536793387961986, 1.53033399351575, 1.5172369888700463, 1.5017720162430541, 1.486900217556599, 1.4751134266988548, 1.4593247470433715, 1.464013534275311, 1.4448088351522566, 1.430210317789629, 1.4304167414985847, 1.4187704187884327, 1.4083509044538733, 1.4043195199701708, 1.384589707268113, 1.3874461751481715, 1.3864589143459884, 1.36133715330805, 1.3613549270867613, 1.34598382384336, 1.3410902221078405, 1.3400807193813615, 1.3274541821288004, 1.3184218336084688, 1.3210967355539314, 1.295064390338266, 1.3037129247453938, 1.2969680807842618, 1.2961253200028657, 1.2830738325886712, 1.2729248949097203, 1.2640888442122695, 1.2569166572872688, 1.242284432892988, 1.2431246776206566, 1.2431987901196693, 1.230210778424238, 1.2278459394321348, 1.2250880448980284, 1.2211019697351797, 1.2104081857809794, 1.2059973334796361, 1.2020866720741175, 1.1902284054272658, 1.1992081819761236, 1.1901463003453916, 1.1796325982275535, 1.1703471600415691, 1.1640810704300038, 1.1697601074166222, 1.1647621446407685, 1.158478201717075, 1.1537088775248063, 1.1552505259650627, 1.1370109453734891, 1.1414807953923034, 1.1418912790106202, 1.136431721314007, 1.1289458277241975, 1.122695604211808, 1.1244519961027564, 1.1182490007441208, 1.1073326240955943, 1.1132237090066814, 1.0999268821008203, 1.09407461706908, 1.089000373499671, 1.095782757421807, 1.0779622684453949, 1.0838780006443365, 1.0793621838141465, 1.068978452133586, 1.076051545501281, 1.071960242995049, 1.0549639709590275, 1.0610702876097906, 1.0476433651335568, 1.0554064762830435, 1.0520615371694655, 1.0487420270784635, 1.0365964585368468, 1.03472770277121, 1.0282655100307798, 1.0324579950371156, 1.0304272410489774], "val_acc": [0.2588158464452522, 0.27122333562784107, 0.27383543635950847, 0.2831954711226728, 0.30104484181067814, 0.30713974699073116, 0.3373966052135697, 0.35219852111886574, 0.35829342550747695, 0.3541575978126119, 0.3465389628020068, 0.36504135759280565, 0.37788419723251254, 0.4259904233408742, 0.42794949802357996, 0.4325206802625162, 0.426425772279981, 0.383761427910576, 0.43622115908314674, 0.4185894655698686, 0.452111450767953, 0.46212451115192205, 0.4179364399490639, 0.4501523716350094, 0.38267305298737975, 0.4479756197127042, 0.41663038613851244, 0.46451893860119864, 0.479103178914651, 0.4941227699187615, 0.47888550161017923, 0.46582498875295386, 0.49760557284913587, 0.5119721382973139, 0.49325206864124077, 0.5148019154122667, 0.5169786705003389, 0.5130605123641961, 0.49390509188772025, 0.5265563793373357, 0.5185023930781708, 0.5108837637374024, 0.5152372683085822, 0.5097953884509215, 0.524597301060706, 0.5276447570630142, 0.505441880947515, 0.518502395024339, 0.5126251606874794, 0.5343926879287441, 0.5328689601092323, 0.5365694370485671, 0.4910753184315636, 0.5259033543782282, 0.5439703939632586, 0.5306922083166717, 0.5276447518213344, 0.531562906298681, 0.49303439585187925, 0.5457117952987013, 0.5528950817334845, 0.5513713528241185, 0.5546364836917008, 0.5470178466700553, 0.5509360027302853, 0.5607313892350386, 0.5363517644927457, 0.5439703950531128, 0.5561602066328176, 0.5243796253391177, 0.5618197645215195, 0.535481062358911, 0.5757509763468127, 0.5692207194900429, 0.5546364831986715, 0.569220720346357, 0.5515890308551598, 0.5631258179687862, 0.5720504986809086, 0.557248584358496, 0.5663909451775723, 0.5609490665395103, 0.5692207235121239, 0.5792337803670412, 0.5824989140371057, 0.5581192849094472, 0.583587288960302, 0.5731388744604188, 0.5840226362516531, 0.5816282103203876, 0.5861993876809289, 0.5746626014236165, 0.5831519372835853, 0.5446234248906153, 0.5896821937770702, 0.5840226394174199, 0.5864170677878828, 0.5818458851856618, 0.5594253395763127, 0.568567693804366, 0.5809751821955131, 0.5929473209858563, 0.5794514604739952, 0.5753156302750604],